http://www.bkstr.com/webapp/wcs/stores/servlet/StoreCatalogDisplay?catalogId=10001&langId=-1&storeId=166904&demoKey=d,Alabama A&M University,Alabama
http://www.bkstr.com/webapp/wcs/stores/servlet/StoreCatalogDisplay?catalogId=10001&langId=-1&storeId=33911&demoKey=d,Alabama State University,Alabama
http://www.bkstr.com/webapp/wcs/stores/servlet/StoreCatalogDisplay?catalogId=10001&langId=-1&storeId=10090&demoKey=d,Athens State University,Alabama
http://www.bkstr.com/webapp/wcs/stores/servlet/StoreCatalogDisplay?catalogId=10001&langId=-1&storeId=10090&demoKey=d,Bishop State Community College,Alabama
http://www.bkstr.com/webapp/wcs/stores/servlet/StoreCatalogDisplay?catalogId=10001&langId=-1&storeId=10090&demoKey=d,Calhoun Community College,Alabama
http://www.bkstr.com/webapp/wcs/stores/servlet/StoreCatalogDisplay?catalogId=10001&langId=-1&storeId=111406&demoKey=d,Carrington College,Alabama
http://www.bkstr.com/webapp/wcs/stores/servlet/StoreCatalogDisplay?catalogId=10001&langId=-1&storeId=113404&demoKey=d,Carrington College California,Alabama
http://www.bkstr.com/webapp/wcs/stores/servlet/StoreCatalogDisplay?catalogId=10001&langId=-1&storeId=15553&demoKey=d,Chamberlain College of Nursing,Alabama
http://www.devry.efollett.com/,DeVry University Online and Centers,Alabama
http://www.bkstr.com/webapp/wcs/stores/servlet/StoreCatalogDisplay?catalogId=10001&langId=-1&storeId=10209&demoKey=d,Faulkner University,Alabama
http://www.bkstr.com/webapp/wcs/stores/servlet/StoreCatalogDisplay?catalogId=10001&langId=-1&storeId=10469&demoKey=d,Huntingdon College,Alabama
http://www.devry.efollett.com/,Keller Graduate School of Management,Alabama
http://www.bkstr.com/webapp/wcs/stores/servlet/StoreCatalogDisplay?catalogId=10001&langId=-1&storeId=119405&demoKey=d,Shelton State Community College,Alabama
http://www.bkstr.com/webapp/wcs/stores/servlet/StoreCatalogDisplay?catalogId=10001&langId=-1&storeId=10648&demoKey=d,Tuskegee University,Alabama
http://www.bkstr.com/webapp/wcs/stores/servlet/StoreCatalogDisplay?catalogId=10001&langId=-1&storeId=10095&demoKey=d,University Of Montevallo,Alabama
http://www.bkstr.com/webapp/wcs/stores/servlet/StoreCatalogDisplay?catalogId=10001&langId=-1&storeId=102904&demoKey=d,University of Mobile,Alabama
http://www.bkstr.com/webapp/wcs/stores/servlet/StoreCatalogDisplay?catalogId=10001&langId=-1&storeId=151906&demoKey=d,University of North Alabama,Alabama
http://www.bkstr.com/webapp/wcs/stores/servlet/StoreCatalogDisplay?catalogId=10001&langId=-1&storeId=111406&demoKey=d,Carrington College,Alaska
http://www.bkstr.com/webapp/wcs/stores/servlet/StoreCatalogDisplay?catalogId=10001&langId=-1&storeId=113404&demoKey=d,Carrington College California,Alaska
http://www.bkstr.com/webapp/wcs/stores/servlet/StoreCatalogDisplay?catalogId=10001&langId=-1&storeId=15553&demoKey=d,Chamberlain College of Nursing,Alaska
http://www.devry.efollett.com/,DeVry University Online and Centers,Alaska
http://www.devry.efollett.com/,Keller Graduate School of Management,Alaska
http://www.bkstr.com/webapp/wcs/stores/servlet/StoreCatalogDisplay?catalogId=10001&langId=-1&storeId=158904&demoKey=d,University of Alaska Fairbanks,Alaska
http://www.bkstr.com/webapp/wcs/stores/servlet/StoreCatalogDisplay?catalogId=10001&langId=-1&storeId=124404&demoKey=d,University of Alaska Fairbanks - CRCD,Alaska
http://www.efollett.com/webapp/wcs/stores/servlet/StoreCatalogDisplay?catalogId=10001&langId=-1&storeId=12153&demoKey=d,Boswell/Mcc,Arizona
http://www.bkstr.com/webapp/wcs/stores/servlet/StoreCatalogDisplay?catalogId=10001&langId=-1&storeId=111406&demoKey=d,Carrington College,Arizona
http://www.bkstr.com/webapp/wcs/stores/servlet/StoreCatalogDisplay?catalogId=10001&langId=-1&storeId=113404&demoKey=d,Carrington College California,Arizona
http://www.bkstr.com/webapp/wcs/stores/servlet/StoreCatalogDisplay?catalogId=10001&langId=-1&storeId=15553&demoKey=d,Chamberlain College of Nursing,Arizona
http://www.bkstr.com/webapp/wcs/stores/servlet/StoreCatalogDisplay?catalogId=10001&langId=-1&storeId=10582&demoKey=d,Chandler-Gilbert Community College,Arizona
http://www.bkstr.com/webapp/wcs/stores/servlet/StoreCatalogDisplay?catalogId=10001&langId=-1&storeId=15878&demoKey=d,Coconino Community College,Arizona
http://www.devry.efollett.com/,DeVry University Online and Centers,Arizona
http://www.bkstr.com/webapp/wcs/stores/servlet/StoreCatalogDisplay?catalogId=10001&langId=-1&storeId=11778&demoKey=d,DeVry University- Phoenix,Arizona
http://www.bkstr.com/webapp/wcs/stores/servlet/StoreCatalogDisplay?catalogId=10001&langId=-1&storeId=10594&demoKey=d,Eastern Arizona College,Arizona
http://www.bkstr.com/webapp/wcs/stores/servlet/StoreCatalogDisplay?catalogId=10001&langId=-1&storeId=10689&demoKey=d,Embry Riddle Aeronautical University,Arizona
http://www.bkstr.com/webapp/wcs/stores/servlet/StoreCatalogDisplay?catalogId=10001&langId=-1&storeId=10383&demoKey=d,Estrella Mountain Community College,Arizona
http://www.bkstr.com/webapp/wcs/stores/servlet/StoreCatalogDisplay?catalogId=10001&langId=-1&storeId=10564&demoKey=d,GateWay Community College,Arizona
http://www.bkstr.com/webapp/wcs/stores/servlet/StoreCatalogDisplay?catalogId=10001&langId=-1&storeId=10549&demoKey=d,Glendale Community College,Arizona
http://content.efollett.com/misc/GrandCanyonUnivPortal.html,Grand Canyon University,Arizona
http://www.devry.efollett.com/,Keller Graduate School of Management,Arizona
http://www.bkstr.com/webapp/wcs/stores/servlet/StoreCatalogDisplay?catalogId=10001&langId=-1&storeId=10553&demoKey=d,Mesa Community College,Arizona
http://www.bkstr.com/webapp/wcs/stores/servlet/StoreCatalogDisplay?catalogId=10001&langId=-1&storeId=15828&demoKey=d,Northern Arizona University,Arizona
http://www.bkstr.com/webapp/wcs/stores/servlet/StoreCatalogDisplay?catalogId=10001&langId=-1&storeId=10577&demoKey=d,Paradise Valley Community College,Arizona
http://www.bkstr.com/webapp/wcs/stores/servlet/StoreCatalogDisplay?catalogId=10001&langId=-1&storeId=10545&demoKey=d,Phoenix College,Arizona
http://www.bkstr.com/webapp/wcs/stores/servlet/StoreCatalogDisplay?catalogId=10001&langId=-1&storeId=10345&demoKey=d,Pima Community College,Arizona
http://www.bkstr.com/webapp/wcs/stores/servlet/StoreCatalogDisplay?catalogId=10001&langId=-1&storeId=10230&demoKey=d,Rio Salado College,Arizona
http://www.bkstr.com/webapp/wcs/stores/servlet/StoreCatalogDisplay?catalogId=10001&langId=-1&storeId=10558&demoKey=d,Scottsdale Community College,Arizona
http://www.bkstr.com/webapp/wcs/stores/servlet/StoreCatalogDisplay?catalogId=10001&langId=-1&storeId=10059&demoKey=d,South Mountain Community College,Arizona
http://www.bkstr.com/webapp/wcs/stores/servlet/StoreCatalogDisplay?catalogId=10001&langId=-1&storeId=157404&demoKey=d,Student Book Center,Arizona
http://www.bkstr.com/webapp/wcs/stores/servlet/StoreCatalogDisplay?catalogId=10001&langId=-1&storeId=10333&demoKey=d,Arkansas Northeastern College,Arkansas
http://www.bkstr.com/webapp/wcs/stores/servlet/StoreCatalogDisplay?catalogId=10001&langId=-1&storeId=36404&demoKey=d,Arkansas State University - Mountain Home,Arkansas
http://www.bkstr.com/webapp/wcs/stores/servlet/StoreCatalogDisplay?catalogId=10001&langId=-1&storeId=36404&demoKey=d,Arkansas State University- Beebe,Arkansas
http://www.bkstr.com/webapp/wcs/stores/servlet/StoreCatalogDisplay?catalogId=10001&langId=-1&storeId=10319&demoKey=d,Arkansas State University-Main Campus,Arkansas
http://www.bkstr.com/webapp/wcs/stores/servlet/StoreCatalogDisplay?catalogId=10001&langId=-1&storeId=10891&demoKey=d,Arkansas Tech University,Arkansas
http://www.bkstr.com/webapp/wcs/stores/servlet/StoreCatalogDisplay?catalogId=10001&langId=-1&storeId=15653&demoKey=d,Baptist Health Schools of Nursing & Allied Health,Arkansas
http://www.bkstr.com/webapp/wcs/stores/servlet/StoreCatalogDisplay?catalogId=10001&langId=-1&storeId=134404&demoKey=d,Black River Technical College,Arkansas
http://www.bkstr.com/webapp/wcs/stores/servlet/StoreCatalogDisplay?catalogId=10001&langId=-1&storeId=111406&demoKey=d,Carrington College,Arkansas
http://www.bkstr.com/webapp/wcs/stores/servlet/StoreCatalogDisplay?catalogId=10001&langId=-1&storeId=113404&demoKey=d,Carrington College California,Arkansas
http://www.bkstr.com/webapp/wcs/stores/servlet/StoreCatalogDisplay?catalogId=10001&langId=-1&storeId=15553&demoKey=d,Chamberlain College of Nursing,Arkansas
http://www.devry.efollett.com/,DeVry University Online and Centers,Arkansas
http://www.bkstr.com/webapp/wcs/stores/servlet/StoreCatalogDisplay?catalogId=10001&langId=-1&storeId=10526&demoKey=d,John Brown University,Arkansas
http://www.devry.efollett.com/,Keller Graduate School of Management,Arkansas
http://www.bkstr.com/webapp/wcs/stores/servlet/StoreCatalogDisplay?catalogId=10001&langId=-1&storeId=10525&demoKey=d,Mid-South Community College,Arkansas
http://www.bkstr.com/webapp/wcs/stores/servlet/StoreCatalogDisplay?catalogId=10001&langId=-1&storeId=16629&demoKey=d,National Park Community College,Arkansas
http://www.bkstr.com/webapp/wcs/stores/servlet/StoreCatalogDisplay?catalogId=10001&langId=-1&storeId=39404&demoKey=d,Ouachita Baptist University,Arkansas
http://www.bkstr.com/webapp/wcs/stores/servlet/StoreCatalogDisplay?catalogId=10001&langId=-1&storeId=11405&demoKey=d,Ouachita Technical College,Arkansas
http://www.bkstr.com/webapp/wcs/stores/servlet/StoreCatalogDisplay?catalogId=10001&langId=-1&storeId=11405&demoKey=d,Phillips CC of the University of Arkansas,Arkansas
http://www.bkstr.com/webapp/wcs/stores/servlet/StoreCatalogDisplay?catalogId=10001&langId=-1&storeId=10290&demoKey=d,Pulaski Technical College,Arkansas
http://www.bkstr.com/webapp/wcs/stores/servlet/StoreCatalogDisplay?catalogId=10001&langId=-1&storeId=12228&demoKey=d,South Arkansas Community College,Arkansas
http://www.bkstr.com/webapp/wcs/stores/servlet/StoreCatalogDisplay?catalogId=10001&langId=-1&storeId=10465&demoKey=d,Southern Arkansas University Main Campus,Arkansas
http://www.bkstr.com/webapp/wcs/stores/servlet/StoreCatalogDisplay?catalogId=10001&langId=-1&storeId=12328&demoKey=d,Southern Arkansas University Tech,Arkansas
http://www.bkstr.com/webapp/wcs/stores/servlet/StoreCatalogDisplay?catalogId=10001&langId=-1&storeId=46904&demoKey=d,Univ. of Arkansas Community College at Batesville,Arkansas
http://www.bkstr.com/webapp/wcs/stores/servlet/StoreCatalogDisplay?catalogId=10001&langId=-1&storeId=10796&demoKey=d,University Of Arkansas At Fayetteville,Arkansas
http://www.bkstr.com/webapp/wcs/stores/servlet/StoreCatalogDisplay?catalogId=10001&langId=-1&storeId=10860&demoKey=d,University Of Arkansas At Monticello,Arkansas
http://www.bkstr.com/webapp/wcs/stores/servlet/StoreCatalogDisplay?catalogId=10001&langId=-1&storeId=10737&demoKey=d,University Of Arkansas At Pine Bluff,Arkansas
http://www.bkstr.com/webapp/wcs/stores/servlet/StoreCatalogDisplay?catalogId=10001&langId=-1&storeId=10863&demoKey=d,University Of Arkansas Community College Morrilton,Arkansas
http://www.bkstr.com/webapp/wcs/stores/servlet/StoreCatalogDisplay?catalogId=10001&langId=-1&storeId=10480&demoKey=d,Art Center College of Design,California
http://www.bkstr.com/webapp/wcs/stores/servlet/StoreCatalogDisplay?catalogId=10001&langId=-1&storeId=13803&demoKey=d,Barstow Community College,California
http://www.bkstr.com/webapp/wcs/stores/servlet/StoreCatalogDisplay?catalogId=10001&langId=-1&storeId=16453&demoKey=d,Berkeley City College,California
http://www.bkstr.com/webapp/wcs/stores/servlet/StoreCatalogDisplay?catalogId=10001&langId=-1&storeId=162404&demoKey=d,Brandman University,California
http://www.bkstr.com/webapp/wcs/stores/servlet/StoreCatalogDisplay?catalogId=10001&langId=-1&storeId=10076&demoKey=d,California Lutheran University,California
http://www.bkstr.com/webapp/wcs/stores/servlet/StoreCatalogDisplay?catalogId=10001&langId=-1&storeId=10478&demoKey=d,California Maritime Academy,California
http://www.bkstr.com/webapp/wcs/stores/servlet/StoreCatalogDisplay?catalogId=10001&langId=-1&storeId=94404&demoKey=d,California Preparatory College,California
http://www.bkstr.com/webapp/wcs/stores/servlet/StoreCatalogDisplay?catalogId=10001&langId=-1&storeId=10978&demoKey=d,"California State University, Channel Islands",California
http://www.bkstr.com/webapp/wcs/stores/servlet/StoreCatalogDisplay?catalogId=10001&langId=-1&storeId=10199&demoKey=d,"California State University, Dominguez Hills",California
http://www.bkstr.com/webapp/wcs/stores/servlet/StoreCatalogDisplay?catalogId=10001&langId=-1&storeId=38404&demoKey=d,"California State University, East Bay",California
http://www.bkstr.com/webapp/wcs/stores/servlet/StoreCatalogDisplay?catalogId=10001&langId=-1&storeId=10868&demoKey=d,"California State University, Fresno",California
http://www.bkstr.com/webapp/wcs/stores/servlet/StoreCatalogDisplay?catalogId=10001&langId=-1&storeId=10057&demoKey=d,"California State University, Northridge",California
http://www.bkstr.com/webapp/wcs/stores/servlet/StoreCatalogDisplay?catalogId=10001&langId=-1&storeId=13528&demoKey=d,"California State University, Sacramento",California
http://www.bkstr.com/webapp/wcs/stores/servlet/StoreCatalogDisplay?catalogId=10001&langId=-1&storeId=13528&demoKey=d,"California State University, San Bernardino",California
http://www.bkstr.com/webapp/wcs/stores/servlet/StoreCatalogDisplay?catalogId=10001&langId=-1&storeId=111406&demoKey=d,Carrington College,California
http://www.bkstr.com/webapp/wcs/stores/servlet/StoreCatalogDisplay?catalogId=10001&langId=-1&storeId=113404&demoKey=d,Carrington College California,California
http://www.bkstr.com/webapp/wcs/stores/servlet/StoreCatalogDisplay?catalogId=10001&langId=-1&storeId=10641&demoKey=d,Cerritos College,California
http://www.bkstr.com/webapp/wcs/stores/servlet/StoreCatalogDisplay?catalogId=10001&langId=-1&storeId=15553&demoKey=d,Chamberlain College of Nursing,California
http://www.bkstr.com/webapp/wcs/stores/servlet/StoreCatalogDisplay?catalogId=10001&langId=-1&storeId=10093&demoKey=d,Chapman University,California
http://www.bkstr.com/webapp/wcs/stores/servlet/StoreCatalogDisplay?catalogId=10001&langId=-1&storeId=15303&demoKey=d,Claremont Colleges,California
http://www.bkstr.com/webapp/wcs/stores/servlet/StoreCatalogDisplay?catalogId=10001&langId=-1&storeId=15303&demoKey=d,Claremont Graduate University,California
http://www.bkstr.com/webapp/wcs/stores/servlet/StoreCatalogDisplay?catalogId=10001&langId=-1&storeId=15303&demoKey=d,Claremont McKenna College,California
http://www.bkstr.com/webapp/wcs/stores/servlet/StoreCatalogDisplay?catalogId=10001&langId=-1&storeId=142904&demoKey=d,Coastline Community College,California
http://www.bkstr.com/webapp/wcs/stores/servlet/StoreCatalogDisplay?catalogId=10001&langId=-1&storeId=10599&demoKey=d,College Of Alameda,California
http://www.bkstr.com/webapp/wcs/stores/servlet/StoreCatalogDisplay?catalogId=10001&langId=-1&storeId=14428&demoKey=d,College of the Desert,California
http://www.bkstr.com/webapp/wcs/stores/servlet/StoreCatalogDisplay?catalogId=10001&langId=-1&storeId=10868&demoKey=d,College of the Sequoias,California
http://www.bkstr.com/webapp/wcs/stores/servlet/StoreCatalogDisplay?catalogId=10001&langId=-1&storeId=14753&demoKey=d,Copper Mountain College,California
http://www.bkstr.com/webapp/wcs/stores/servlet/StoreCatalogDisplay?catalogId=10001&langId=-1&storeId=12329&demoKey=d,DeVry University - Long Beach,California
http://www.bkstr.com/webapp/wcs/stores/servlet/StoreCatalogDisplay?catalogId=10001&langId=-1&storeId=12378&demoKey=d,DeVry University - Pomona,California
http://www.devry.efollett.com/,DeVry University Online and Centers,California
http://www.bkstr.com/webapp/wcs/stores/servlet/StoreCatalogDisplay?catalogId=10001&langId=-1&storeId=10474&demoKey=d,DeVry University-Fremont,California
http://www.bkstr.com/webapp/wcs/stores/servlet/StoreCatalogDisplay?catalogId=10001&langId=-1&storeId=10718&demoKey=d,Dominican University Of California,California
http://www.bkstr.com/webapp/wcs/stores/servlet/StoreCatalogDisplay?catalogId=10001&langId=-1&storeId=10868&demoKey=d,Fresno Pacific University-Visalia,California
http://www.efollett.com/webapp/wcs/stores/servlet/StoreCatalogDisplay?catalogId=10001&langId=-1&storeId=91406&demoKey=d,Fullerton College,California
http://www.bkstr.com/webapp/wcs/stores/servlet/StoreCatalogDisplay?catalogId=10001&langId=-1&storeId=10190&demoKey=d,Gavilan College,California
http://www.bkstr.com/webapp/wcs/stores/servlet/StoreCatalogDisplay?catalogId=10001&langId=-1&storeId=63414&demoKey=d,Gemological Institute of America,California
http://www.bkstr.com/webapp/wcs/stores/servlet/StoreCatalogDisplay?catalogId=10001&langId=-1&storeId=10224&demoKey=d,Golden Gate University,California
http://www.bkstr.com/webapp/wcs/stores/servlet/StoreCatalogDisplay?catalogId=10001&langId=-1&storeId=147404&demoKey=d,Golden West College,California
http://www.bkstr.com/webapp/wcs/stores/servlet/StoreCatalogDisplay?catalogId=10001&langId=-1&storeId=10744&demoKey=d,Hartnell College,California
http://www.bkstr.com/webapp/wcs/stores/servlet/StoreCatalogDisplay?catalogId=10001&langId=-1&storeId=15303&demoKey=d,Harvey Mudd College,California
http://www.bkstr.com/webapp/wcs/stores/servlet/StoreCatalogDisplay?catalogId=10001&langId=-1&storeId=10186&demoKey=d,Holy Names University,California
http://www.bkstr.com/webapp/wcs/stores/servlet/StoreCatalogDisplay?catalogId=10001&langId=-1&storeId=10340&demoKey=d,Hope International University,California
http://www.bkstr.com/webapp/wcs/stores/servlet/StoreCatalogDisplay?catalogId=10001&langId=-1&storeId=10101&demoKey=d,Imperial Valley College,California
http://www.bkstr.com/webapp/wcs/stores/servlet/StoreCatalogDisplay?catalogId=10001&langId=-1&storeId=10238&demoKey=d,Irvine Valley College,California
http://www.bkstr.com/webapp/wcs/stores/servlet/StoreCatalogDisplay?catalogId=10001&langId=-1&storeId=15303&demoKey=d,Keck Graduate Institute,California
http://www.devry.efollett.com/,Keller Graduate School of Management,California
http://www.bkstr.com/webapp/wcs/stores/servlet/StoreCatalogDisplay?catalogId=10001&langId=-1&storeId=10187&demoKey=d,La Sierra University,California
http://www.bkstr.com/webapp/wcs/stores/servlet/StoreCatalogDisplay?catalogId=10001&langId=-1&storeId=10687&demoKey=d,Laney College,California
http://www.bkstr.com/webapp/wcs/stores/servlet/StoreCatalogDisplay?catalogId=10001&langId=-1&storeId=10499&demoKey=d,Las Positas College,California
http://www.bkstr.com/webapp/wcs/stores/servlet/StoreCatalogDisplay?catalogId=10001&langId=-1&storeId=92404&demoKey=d,Los Angeles Trade Technical College,California
http://www.bkstr.com/webapp/wcs/stores/servlet/StoreCatalogDisplay?catalogId=10001&langId=-1&storeId=10690&demoKey=d,Loyola Marymount University,California
http://www.bkstr.com/webapp/wcs/stores/servlet/StoreCatalogDisplay?catalogId=10001&langId=-1&storeId=10570&demoKey=d,Marymount College,California
http://www.bkstr.com/webapp/wcs/stores/servlet/StoreCatalogDisplay?catalogId=10001&langId=-1&storeId=12853&demoKey=d,Menlo College,California
http://www.bkstr.com/webapp/wcs/stores/servlet/StoreCatalogDisplay?catalogId=10001&langId=-1&storeId=10276&demoKey=d,Merritt College,California
http://www.bkstr.com/webapp/wcs/stores/servlet/StoreCatalogDisplay?catalogId=10001&langId=-1&storeId=10696&demoKey=d,Mills College,California
http://www.bkstr.com/webapp/wcs/stores/servlet/StoreCatalogDisplay?catalogId=10001&langId=-1&storeId=10598&demoKey=d,MiraCosta College - Oceanside,California
http://www.bkstr.com/webapp/wcs/stores/servlet/StoreCatalogDisplay?catalogId=10001&langId=-1&storeId=10608&demoKey=d,MiraCosta College - San Elijo,California
http://www.bkstr.com/webapp/wcs/stores/servlet/StoreCatalogDisplay?catalogId=10001&langId=-1&storeId=10259&demoKey=d,Monterey Peninsula College,California
http://www.bkstr.com/webapp/wcs/stores/servlet/StoreCatalogDisplay?catalogId=10001&langId=-1&storeId=10259&demoKey=d,Mount St. Mary's College,California
http://www.bkstr.com/webapp/wcs/stores/servlet/StoreCatalogDisplay?catalogId=10001&langId=-1&storeId=14153&demoKey=d,National University,California
http://www.bkstr.com/webapp/wcs/stores/servlet/StoreCatalogDisplay?catalogId=10001&langId=-1&storeId=10129&demoKey=d,Notre Dame De Namur University,California
http://www.bkstr.com/webapp/wcs/stores/servlet/StoreCatalogDisplay?catalogId=10001&langId=-1&storeId=182905&demoKey=d,Ohlone College,California
http://www.bkstr.com/webapp/wcs/stores/servlet/StoreCatalogDisplay?catalogId=10001&langId=-1&storeId=30404&demoKey=d,Orange Coast College,California
http://www.bkstr.com/webapp/wcs/stores/servlet/StoreCatalogDisplay?catalogId=10001&langId=-1&storeId=10216&demoKey=d,Palomar Community College,California
http://www.bkstr.com/webapp/wcs/stores/servlet/StoreCatalogDisplay?catalogId=10001&langId=-1&storeId=10216&demoKey=d,Pepperdine University,California
http://www.bkstr.com/webapp/wcs/stores/servlet/StoreCatalogDisplay?catalogId=10001&langId=-1&storeId=15303&demoKey=d,Pitzer College,California
http://www.bkstr.com/webapp/wcs/stores/servlet/StoreCatalogDisplay?catalogId=10001&langId=-1&storeId=15303&demoKey=d,Pomona College,California
http://www.bkstr.com/webapp/wcs/stores/servlet/StoreCatalogDisplay?catalogId=10001&langId=-1&storeId=10213&demoKey=d,Rio Hondo College,California
http://www.bkstr.com/webapp/wcs/stores/servlet/StoreCatalogDisplay?catalogId=10001&langId=-1&storeId=10239&demoKey=d,Saddleback College,California
http://www.bkstr.com/webapp/wcs/stores/servlet/StoreCatalogDisplay?catalogId=10001&langId=-1&storeId=12403&demoKey=d,Samuel Merritt University,California
http://www.bkstr.com/webapp/wcs/stores/servlet/StoreCatalogDisplay?catalogId=10001&langId=-1&storeId=10868&demoKey=d,San Joaquin College of Law,California
http://www.bkstr.com/webapp/wcs/stores/servlet/StoreCatalogDisplay?catalogId=10001&langId=-1&storeId=15303&demoKey=d,Scripps College,California
http://www.bkstr.com/webapp/wcs/stores/servlet/StoreCatalogDisplay?catalogId=10001&langId=-1&storeId=10091&demoKey=d,Shasta-Tehama-Trinity Community College District,California
http://www.bkstr.com/webapp/wcs/stores/servlet/StoreCatalogDisplay?catalogId=10001&langId=-1&storeId=15353&demoKey=d,Simpson University,California
http://www.bkstr.com/webapp/wcs/stores/servlet/StoreCatalogDisplay?catalogId=10001&langId=-1&storeId=10346&demoKey=d,Southwestern Law School,California
http://www.bkstr.com/webapp/wcs/stores/servlet/StoreCatalogDisplay?catalogId=10001&langId=-1&storeId=10161&demoKey=d,Stanford University,California
http://www.bkstr.com/webapp/wcs/stores/servlet/StoreCatalogDisplay?catalogId=10001&langId=-1&storeId=35904&demoKey=d,UC Hastings College of the Law,California
http://www.bkstr.com/webapp/wcs/stores/servlet/StoreCatalogDisplay?catalogId=10001&langId=-1&storeId=10433&demoKey=d,"University of California, Berkeley",California
http://www.bkstr.com/webapp/wcs/stores/servlet/StoreCatalogDisplay?catalogId=10001&langId=-1&storeId=10433&demoKey=d,University of La Verne,California
http://www.bkstr.com/webapp/wcs/stores/servlet/StoreCatalogDisplay?catalogId=10001&langId=-1&storeId=10134&demoKey=d,University of San Francisco,California
http://www.bkstr.com/webapp/wcs/stores/servlet/StoreCatalogDisplay?catalogId=10001&langId=-1&storeId=10868&demoKey=d,Visalia Adult School,California
http://www.bkstr.com/webapp/wcs/stores/servlet/StoreCatalogDisplay?catalogId=10001&langId=-1&storeId=10868&demoKey=d,West Hills College,California
http://www.bkstr.com/webapp/wcs/stores/servlet/StoreCatalogDisplay?catalogId=10001&langId=-1&storeId=13529&demoKey=d,Whittier College,California
http://www.bkstr.com/webapp/wcs/stores/servlet/StoreCatalogDisplay?catalogId=10001&langId=-1&storeId=13530&demoKey=d,Whittier Law School,California
http://www.bkstr.com/webapp/wcs/stores/servlet/StoreCatalogDisplay?catalogId=10001&langId=-1&storeId=12404&demoKey=d,Woodbury University,California
http://www.bkstr.com/webapp/wcs/stores/servlet/StoreCatalogDisplay?catalogId=10001&langId=-1&storeId=10756&demoKey=d,Woodland Community College,California
http://www.bkstr.com/webapp/wcs/stores/servlet/StoreCatalogDisplay?catalogId=10001&langId=-1&storeId=10756&demoKey=d,Yuba Community College District,California
http://www.bkstr.com/webapp/wcs/stores/servlet/StoreCatalogDisplay?catalogId=10001&langId=-1&storeId=17028&demoKey=d,Adams State College,Colorado
http://www.bkstr.com/webapp/wcs/stores/servlet/StoreCatalogDisplay?catalogId=10001&langId=-1&storeId=10832&demoKey=d,Aims Community College,Colorado
http://www.bkstr.com/webapp/wcs/stores/servlet/StoreCatalogDisplay?catalogId=10001&langId=-1&storeId=10099&demoKey=d,Arapahoe Community College,Colorado
http://www.bkstr.com/webapp/wcs/stores/servlet/StoreCatalogDisplay?catalogId=10001&langId=-1&storeId=10786&demoKey=d,Auraria Campus Bookstore,Colorado
http://www.bkstr.com/webapp/wcs/stores/servlet/StoreCatalogDisplay?catalogId=10001&langId=-1&storeId=111406&demoKey=d,Carrington College,Colorado
http://www.bkstr.com/webapp/wcs/stores/servlet/StoreCatalogDisplay?catalogId=10001&langId=-1&storeId=113404&demoKey=d,Carrington College California,Colorado
http://www.bkstr.com/webapp/wcs/stores/servlet/StoreCatalogDisplay?catalogId=10001&langId=-1&storeId=15553&demoKey=d,Chamberlain College of Nursing,Colorado
http://www.bkstr.com/webapp/wcs/stores/servlet/StoreCatalogDisplay?catalogId=10001&langId=-1&storeId=10179&demoKey=d,Colorado Christian University,Colorado
http://www.bkstr.com/webapp/wcs/stores/servlet/StoreCatalogDisplay?catalogId=10001&langId=-1&storeId=10179&demoKey=d,Colorado Mountain College,Colorado
http://www.bookstore.colostate.edu/,Colorado State University,Colorado
http://www.bkstr.com/webapp/wcs/stores/servlet/StoreCatalogDisplay?catalogId=10001&langId=-1&storeId=10610&demoKey=d,Community College Of Aurora,Colorado
http://www.bkstr.com/webapp/wcs/stores/servlet/StoreCatalogDisplay?catalogId=10001&langId=-1&storeId=11829&demoKey=d,DeVry University - Westminster,Colorado
http://www.devry.efollett.com/,DeVry University Online and Centers,Colorado
http://www.bkstr.com/webapp/wcs/stores/servlet/StoreCatalogDisplay?catalogId=10001&langId=-1&storeId=36904&demoKey=d,Denver Seminary,Colorado
http://www.bkstr.com/webapp/wcs/stores/servlet/StoreCatalogDisplay?catalogId=10001&langId=-1&storeId=10778&demoKey=d,FRCC Larimer Campus,Colorado
http://www.bkstr.com/webapp/wcs/stores/servlet/StoreCatalogDisplay?catalogId=10001&langId=-1&storeId=110404&demoKey=d,Fort Lewis College,Colorado
http://www.efollett.com/webapp/wcs/stores/servlet/StoreCatalogDisplay?catalogId=10001&langId=-1&storeId=91404&demoKey=d,Front Range Bookstore,Colorado
http://www.efollett.com/webapp/wcs/stores/servlet/StoreCatalogDisplay?catalogId=10001&langId=-1&storeId=91405&demoKey=d,Front Range Bookstore - Boulder County,Colorado
http://www.bkstr.com/webapp/wcs/stores/servlet/StoreCatalogDisplay?catalogId=10001&langId=-1&storeId=153904&demoKey=d,Johnson & Wales University - Denver,Colorado
http://www.devry.efollett.com/,Keller Graduate School of Management,Colorado
http://www.bkstr.com/webapp/wcs/stores/servlet/StoreCatalogDisplay?catalogId=10001&langId=-1&storeId=11378&demoKey=d,Mesa State College,Colorado
http://www.bkstr.com/webapp/wcs/stores/servlet/StoreCatalogDisplay?catalogId=10001&langId=-1&storeId=11378&demoKey=d,Regis University,Colorado
http://www.cubookstore.com/,University Of Colorado At Boulder,Colorado
http://www.bkstr.com/webapp/wcs/stores/servlet/StoreCatalogDisplay?catalogId=10001&langId=-1&storeId=10440&demoKey=d,Albertus Magnus College,Connecticut
http://www.bkstr.com/webapp/wcs/stores/servlet/StoreCatalogDisplay?catalogId=10001&langId=-1&storeId=10668&demoKey=d,Asnuntuck Community College,Connecticut
http://www.bkstr.com/webapp/wcs/stores/servlet/StoreCatalogDisplay?catalogId=10001&langId=-1&storeId=10684&demoKey=d,Capital Community College,Connecticut
http://www.bkstr.com/webapp/wcs/stores/servlet/StoreCatalogDisplay?catalogId=10001&langId=-1&storeId=111406&demoKey=d,Carrington College,Connecticut
http://www.bkstr.com/webapp/wcs/stores/servlet/StoreCatalogDisplay?catalogId=10001&langId=-1&storeId=113404&demoKey=d,Carrington College California,Connecticut
http://www.bkstr.com/webapp/wcs/stores/servlet/StoreCatalogDisplay?catalogId=10001&langId=-1&storeId=15553&demoKey=d,Chamberlain College of Nursing,Connecticut
http://www.bkstr.com/webapp/wcs/stores/servlet/StoreCatalogDisplay?catalogId=10001&langId=-1&storeId=10443&demoKey=d,Connecticut College,Connecticut
http://www.devry.efollett.com/,DeVry University Online and Centers,Connecticut
http://www.bkstr.com/webapp/wcs/stores/servlet/StoreCatalogDisplay?catalogId=10001&langId=-1&storeId=10597&demoKey=d,Fairfield University,Connecticut
http://www.bkstr.com/webapp/wcs/stores/servlet/StoreCatalogDisplay?catalogId=10001&langId=-1&storeId=10597&demoKey=d,Gateway Community College,Connecticut
http://www.bkstr.com/webapp/wcs/stores/servlet/StoreCatalogDisplay?catalogId=10001&langId=-1&storeId=160404&demoKey=d,Goodwin College,Connecticut
http://www.bkstr.com/webapp/wcs/stores/servlet/StoreCatalogDisplay?catalogId=10001&langId=-1&storeId=10664&demoKey=d,Housatonic Community College,Connecticut
http://www.devry.efollett.com/,Keller Graduate School of Management,Connecticut
http://www.bkstr.com/webapp/wcs/stores/servlet/StoreCatalogDisplay?catalogId=10001&langId=-1&storeId=49407&demoKey=d,Lyme Academy College of Fine Arts,Connecticut
http://www.bkstr.com/webapp/wcs/stores/servlet/StoreCatalogDisplay?catalogId=10001&langId=-1&storeId=10653&demoKey=d,Manchester Community College,Connecticut
http://www.bkstr.com/webapp/wcs/stores/servlet/StoreCatalogDisplay?catalogId=10001&langId=-1&storeId=10724&demoKey=d,Middlesex Community College,Connecticut
http://www.bkstr.com/webapp/wcs/stores/servlet/StoreCatalogDisplay?catalogId=10001&langId=-1&storeId=133404&demoKey=d,Naugatuck Valley Community College,Connecticut
http://www.bkstr.com/webapp/wcs/stores/servlet/StoreCatalogDisplay?catalogId=10001&langId=-1&storeId=10693&demoKey=d,Northwestern Connecticut Community College,Connecticut
http://www.bkstr.com/webapp/wcs/stores/servlet/StoreCatalogDisplay?catalogId=10001&langId=-1&storeId=133905&demoKey=d,Norwalk Community College,Connecticut
http://www.bkstr.com/webapp/wcs/stores/servlet/StoreCatalogDisplay?catalogId=10001&langId=-1&storeId=133906&demoKey=d,Quinebaug Valley Community College,Connecticut
http://www.bkstr.com/webapp/wcs/stores/servlet/StoreCatalogDisplay?catalogId=10001&langId=-1&storeId=133907&demoKey=d,Quinebaug Valley Community College Willimantic Ctr,Connecticut
http://www.bkstr.com/webapp/wcs/stores/servlet/StoreCatalogDisplay?catalogId=10001&langId=-1&storeId=10494&demoKey=d,Quinnipiac University,Connecticut
http://www.bkstr.com/webapp/wcs/stores/servlet/StoreCatalogDisplay?catalogId=10001&langId=-1&storeId=131404&demoKey=d,Quinnipiac University North Haven,Connecticut
http://www.bkstr.com/webapp/wcs/stores/servlet/StoreCatalogDisplay?catalogId=10001&langId=-1&storeId=10615&demoKey=d,Sacred Heart University,Connecticut
http://www.bkstr.com/webapp/wcs/stores/servlet/StoreCatalogDisplay?catalogId=10001&langId=-1&storeId=10274&demoKey=d,Saint Joseph College,Connecticut
http://www.bkstr.com/webapp/wcs/stores/servlet/StoreCatalogDisplay?catalogId=10001&langId=-1&storeId=10620&demoKey=d,Three Rivers Community College,Connecticut
http://www.bkstr.com/webapp/wcs/stores/servlet/StoreCatalogDisplay?catalogId=10001&langId=-1&storeId=133904&demoKey=d,Tunxis Community College,Connecticut
http://www.bkstr.com/webapp/wcs/stores/servlet/StoreCatalogDisplay?catalogId=10001&langId=-1&storeId=10195&demoKey=d,University Of Hartford,Connecticut
http://www.bkstr.com/webapp/wcs/stores/servlet/StoreCatalogDisplay?catalogId=10001&langId=-1&storeId=10270&demoKey=d,University Of New Haven,Connecticut
http://www.bkstr.com/webapp/wcs/stores/servlet/StoreCatalogDisplay?catalogId=10001&langId=-1&storeId=17353&demoKey=d,University of Bridgeport,Connecticut
http://www.bkstr.com/webapp/wcs/stores/servlet/StoreCatalogDisplay?catalogId=10001&langId=-1&storeId=10115&demoKey=d,Wesleyan University,Connecticut
http://www.bkstr.com/webapp/wcs/stores/servlet/StoreCatalogDisplay?catalogId=10001&langId=-1&storeId=111406&demoKey=d,Carrington College,Delaware
http://www.bkstr.com/webapp/wcs/stores/servlet/StoreCatalogDisplay?catalogId=10001&langId=-1&storeId=113404&demoKey=d,Carrington College California,Delaware
http://www.bkstr.com/webapp/wcs/stores/servlet/StoreCatalogDisplay?catalogId=10001&langId=-1&storeId=15553&demoKey=d,Chamberlain College of Nursing,Delaware
http://www.devry.efollett.com/,DeVry University Online and Centers,Delaware
http://www.bkstr.com/webapp/wcs/stores/servlet/StoreCatalogDisplay?catalogId=10001&langId=-1&storeId=10738&demoKey=d,Delaware State University,Delaware
http://www.bkstr.com/webapp/wcs/stores/servlet/StoreCatalogDisplay?catalogId=10001&langId=-1&storeId=14578&demoKey=d,Delaware Technical & Community College,Delaware
http://www.devry.efollett.com/,Keller Graduate School of Management,Delaware
http://www.bkstr.com/webapp/wcs/stores/servlet/StoreCatalogDisplay?catalogId=10001&langId=-1&storeId=10061&demoKey=d,American University,District of Columbia
http://www.bkstr.com/webapp/wcs/stores/servlet/StoreCatalogDisplay?catalogId=10001&langId=-1&storeId=111406&demoKey=d,Carrington College,District of Columbia
http://www.bkstr.com/webapp/wcs/stores/servlet/StoreCatalogDisplay?catalogId=10001&langId=-1&storeId=113404&demoKey=d,Carrington College California,District of Columbia
http://www.bkstr.com/webapp/wcs/stores/servlet/StoreCatalogDisplay?catalogId=10001&langId=-1&storeId=15553&demoKey=d,Chamberlain College of Nursing,District of Columbia
http://www.devry.efollett.com/,DeVry University Online and Centers,District of Columbia
http://www.bkstr.com/webapp/wcs/stores/servlet/StoreCatalogDisplay?catalogId=10001&langId=-1&storeId=10370&demoKey=d,George Washington University,District of Columbia
http://www.bkstr.com/webapp/wcs/stores/servlet/StoreCatalogDisplay?catalogId=10001&langId=-1&storeId=10370&demoKey=d,Georgetown University,District of Columbia
http://www.devry.efollett.com/,Keller Graduate School of Management,District of Columbia
http://www.bkstr.com/webapp/wcs/stores/servlet/StoreCatalogDisplay?catalogId=10001&langId=-1&storeId=10559&demoKey=d,The Catholic University Of America,District of Columbia
http://www.bkstr.com/webapp/wcs/stores/servlet/StoreCatalogDisplay?catalogId=10001&langId=-1&storeId=10105&demoKey=d,Trinity,District of Columbia
http://www.bkstr.com/webapp/wcs/stores/servlet/StoreCatalogDisplay?catalogId=10001&langId=-1&storeId=10408&demoKey=d,University Of The District Of Columbia,District of Columbia
http://www.bkstr.com/webapp/wcs/stores/servlet/StoreCatalogDisplay?catalogId=10001&langId=-1&storeId=11528&demoKey=d,Ave  Maria University,Florida
http://www.bkstr.com/webapp/wcs/stores/servlet/StoreCatalogDisplay?catalogId=10001&langId=-1&storeId=10078&demoKey=d,Barry University,Florida
http://www.bkstr.com/webapp/wcs/stores/servlet/StoreCatalogDisplay?catalogId=10001&langId=-1&storeId=10133&demoKey=d,Barry University-School Of Law,Florida
http://www.bkstr.com/webapp/wcs/stores/servlet/StoreCatalogDisplay?catalogId=10001&langId=-1&storeId=10539&demoKey=d,Bethune-Cookman University,Florida
http://www.bkstr.com/webapp/wcs/stores/servlet/StoreCatalogDisplay?catalogId=10001&langId=-1&storeId=111406&demoKey=d,Carrington College,Florida
,Carrington College California,Florida
,Chamberlain College of Nursing,Florida

